time,forecast_kw,sigma_kw
06:00,0.00,0.00
06:15,0.00,0.00
06:30,0.00,0.00
06:45,0.26,0.63
07:00,0.64,0.66
07:15,1.08,0.71
07:30,1.56,0.76
07:45,2.07,0.81
08:00,2.61,0.86
08:15,3.16,0.92
08:30,3.72,0.97
08:45,4.28,1.03
09:00,4.84,1.08
09:15,5.40,1.14
09:30,5.95,1.20
09:45,6.49,1.25
10:00,7.01,1.30
10:15,7.51,1.35
10:30,7.99,1.40
10:45,8.44,1.44
11:00,8.86,1.49
11:15,9.25,1.53
11:30,9.61,1.56
11:45,9.91,1.60
12:00,9.88,1.86
12:15,9.09,2.67
12:30,8.31,3.42
12:45,8.12,3.68
13:00,8.18,3.72
13:15,8.26,3.72
13:30,8.58,3.49
13:45,9.55,2.75
14:00,10.57,1.95
14:15,10.78,1.69
14:30,10.64,1.66
14:45,10.44,1.64
15:00,10.20,1.62
15:15,9.92,1.59
15:30,9.61,1.56
15:45,9.25,1.53
16:00,8.86,1.49
16:15,8.44,1.44
16:30,7.99,1.40
16:45,7.51,1.35
17:00,7.01,1.30
17:15,6.49,1.25
17:30,5.95,1.20
17:45,5.40,1.14
18:00,4.84,1.08
18:15,4.28,1.03
18:30,3.72,0.97
18:45,3.16,0.92
19:00,2.61,0.86
19:15,2.07,0.81
19:30,1.56,0.76
19:45,1.08,0.71
20:00,0.64,0.66
20:15,0.26,0.63
20:30,0.00,0.00
20:45,0.00,0.00
21:00,0.00,0.00
